3.15/bioc/manuals/deltaGseg/man/deltaGseg.pdf
3.15/bioc/manuals/densvis/man/densvis.pdf
3.15/bioc/manuals/derfinder/man/derfinder.pdf
3.15/bioc/manuals/derfinderHelper/man/derfinderHelper.pdf
3.15/bioc/manuals/derfinderPlot/man/derfinderPlot.pdf
3.15/bioc/manuals/destiny/man/destiny.pdf
3.15/bioc/manuals/diffGeneAnalysis/man/diffGeneAnalysis.pdf
3.15/bioc/manuals/diffHic/man/diffHic.pdf
3.15/bioc/manuals/diffUTR/man/diffUTR.pdf
3.15/bioc/manuals/diffcoexp/man/diffcoexp.pdf
3.15/bioc/manuals/diffcyt/man/diffcyt.pdf
3.15/bioc/manuals/diffloop/man/diffloop.pdf
3.15/bioc/manuals/diffuStats/man/diffuStats.pdf
3.15/bioc/manuals/diggit/man/diggit.pdf
3.15/bioc/manuals/dir.expiry/man/dir.expiry.pdf
3.15/bioc/manuals/discordant/man/discordant.pdf
3.15/bioc/manuals/distinct/man/distinct.pdf
3.15/bioc/manuals/dittoSeq/man/dittoSeq.pdf
3.15/bioc/manuals/divergence/man/divergence.pdf
3.15/bioc/manuals/dks/man/dks.pdf
3.15/bioc/manuals/dmrseq/man/dmrseq.pdf
3.15/bioc/manuals/doppelgangR/man/doppelgangR.pdf
3.15/bioc/manuals/doseR/man/doseR.pdf
3.15/bioc/manuals/dpeak/man/dpeak.pdf
3.15/bioc/manuals/drawProteins/man/drawProteins.pdf
3.15/bioc/manuals/drugTargetInteractions/man/drugTargetInteractions.pdf
3.15/bioc/manuals/dupRadar/man/dupRadar.pdf
3.15/bioc/manuals/dyebias/man/dyebias.pdf
3.15/bioc/manuals/easier/man/easier.pdf
3.15/bioc/manuals/easyRNASeq/man/easyRNASeq.pdf
3.15/bioc/manuals/easyreporting/man/easyreporting.pdf
3.15/bioc/manuals/ecolitk/man/ecolitk.pdf
3.15/bioc/manuals/edge/man/edge.pdf
3.15/bioc/manuals/edgeR/man/edgeR.pdf
3.15/bioc/manuals/eegc/man/eegc.pdf
3.15/bioc/manuals/eiR/man/eiR.pdf
3.15/bioc/manuals/eisaR/man/eisaR.pdf
3.15/bioc/manuals/enhancerHomologSearch/man/enhancerHomologSearch.pdf
3.15/bioc/manuals/enrichTF/man/enrichTF.pdf
3.15/bioc/manuals/enrichplot/man/enrichplot.pdf
3.15/bioc/manuals/ensemblVEP/man/ensemblVEP.pdf
3.15/bioc/manuals/ensembldb/man/ensembldb.pdf
3.15/bioc/manuals/epiNEM/man/epiNEM.pdf
3.15/bioc/manuals/epialleleR/man/epialleleR.pdf
3.15/bioc/manuals/epidecodeR/man/epidecodeR.pdf
3.15/bioc/manuals/epigenomix/man/epigenomix.pdf
3.15/bioc/manuals/epigraHMM/man/epigraHMM.pdf
3.15/bioc/manuals/epihet/man/epihet.pdf
3.15/bioc/manuals/epistack/man/epistack.pdf
3.15/bioc/manuals/epivizr/man/epivizr.pdf
