3.15/bioc/manuals/PROPER/man/PROPER.pdf
3.15/bioc/manuals/PROPS/man/PROPS.pdf
3.15/bioc/manuals/PROcess/man/PROcess.pdf
3.15/bioc/manuals/PSEA/man/PSEA.pdf
3.15/bioc/manuals/PSICQUIC/man/PSICQUIC.pdf
3.15/bioc/manuals/PWMEnrich/man/PWMEnrich.pdf
3.15/bioc/manuals/PanomiR/man/PanomiR.pdf
3.15/bioc/manuals/Path2PPI/man/Path2PPI.pdf
3.15/bioc/manuals/PathNet/man/PathNet.pdf
3.15/bioc/manuals/PathoStat/man/PathoStat.pdf
3.15/bioc/manuals/PeacoQC/man/PeacoQC.pdf
3.15/bioc/manuals/PepsNMR/man/PepsNMR.pdf
3.15/bioc/manuals/PhIPData/man/PhIPData.pdf
3.15/bioc/manuals/PharmacoGx/man/PharmacoGx.pdf
3.15/bioc/manuals/PhenStat/man/PhenStat.pdf
3.15/bioc/manuals/PhenoGeneRanker/man/PhenoGeneRanker.pdf
3.15/bioc/manuals/PhosR/man/PhosR.pdf
3.15/bioc/manuals/PhyloProfile/man/PhyloProfile.pdf
3.15/bioc/manuals/Pi/man/Pi.pdf
3.15/bioc/manuals/Pigengene/man/Pigengene.pdf
3.15/bioc/manuals/PloGO2/man/PloGO2.pdf
3.15/bioc/manuals/PoDCall/man/PoDCall.pdf
3.15/bioc/manuals/PoTRA/man/PoTRA.pdf
3.15/bioc/manuals/PrInCE/man/PrInCE.pdf
3.15/bioc/manuals/PrecisionTrialDrawer/man/PrecisionTrialDrawer.pdf
3.15/bioc/manuals/Prostar/man/Prostar.pdf
3.15/bioc/manuals/ProtGenerics/man/ProtGenerics.pdf
3.15/bioc/manuals/ProteoDisco/man/ProteoDisco.pdf
3.15/bioc/manuals/ProteoMM/man/ProteoMM.pdf
3.15/bioc/manuals/ProteomicsAnnotationHubData/man/ProteomicsAnnotationHubData.pdf
3.15/bioc/manuals/PubScore/man/PubScore.pdf
3.15/bioc/manuals/PureCN/man/PureCN.pdf
3.15/bioc/manuals/Pviz/man/Pviz.pdf
3.15/bioc/manuals/QDNAseq/man/QDNAseq.pdf
3.15/bioc/manuals/QFeatures/man/QFeatures.pdf
3.15/bioc/manuals/QSutils/man/QSutils.pdf
3.15/bioc/manuals/QUBIC/man/QUBIC.pdf
3.15/bioc/manuals/Qtlizer/man/Qtlizer.pdf
3.15/bioc/manuals/QuartPAC/man/QuartPAC.pdf
3.15/bioc/manuals/QuasR/man/QuasR.pdf
3.15/bioc/manuals/QuaternaryProd/man/QuaternaryProd.pdf
3.15/bioc/manuals/R3CPET/man/R3CPET.pdf
3.15/bioc/manuals/R453Plus1Toolbox/man/R453Plus1Toolbox.pdf
3.15/bioc/manuals/R4RNA/man/R4RNA.pdf
3.15/bioc/manuals/RBGL/man/RBGL.pdf
3.15/bioc/manuals/RBM/man/RBM.pdf
3.15/bioc/manuals/RBioinf/man/RBioinf.pdf
3.15/bioc/manuals/RCAS/man/RCAS.pdf
3.15/bioc/manuals/RCASPAR/man/RCASPAR.pdf
3.15/bioc/manuals/RCM/man/RCM.pdf
