3.15/bioc/manuals/HiCBricks/man/HiCBricks.pdf
3.15/bioc/manuals/HiCDCPlus/man/HiCDCPlus.pdf
3.15/bioc/manuals/HiCcompare/man/HiCcompare.pdf
3.15/bioc/manuals/HiLDA/man/HiLDA.pdf
3.15/bioc/manuals/HiTC/man/HiTC.pdf
3.15/bioc/manuals/HilbertCurve/man/HilbertCurve.pdf
3.15/bioc/manuals/HilbertVis/man/HilbertVis.pdf
3.15/bioc/manuals/HilbertVisGUI/man/HilbertVisGUI.pdf
3.15/bioc/manuals/HubPub/man/HubPub.pdf
3.15/bioc/manuals/HumanTranscriptomeCompendium/man/HumanTranscriptomeCompendium.pdf
3.15/bioc/manuals/HybridMTest/man/HybridMTest.pdf
3.15/bioc/manuals/IHW/man/IHW.pdf
3.15/bioc/manuals/ILoReg/man/ILoReg.pdf
3.15/bioc/manuals/IMAS/man/IMAS.pdf
3.15/bioc/manuals/IMMAN/man/IMMAN.pdf
3.15/bioc/manuals/IMPCdata/man/IMPCdata.pdf
3.15/bioc/manuals/INDEED/man/INDEED.pdf
3.15/bioc/manuals/INPower/man/INPower.pdf
3.15/bioc/manuals/INSPEcT/man/INSPEcT.pdf
3.15/bioc/manuals/IONiseR/man/IONiseR.pdf
3.15/bioc/manuals/IPO/man/IPO.pdf
3.15/bioc/manuals/IRISFGM/man/IRISFGM.pdf
3.15/bioc/manuals/IRanges/man/IRanges.pdf
3.15/bioc/manuals/ISAnalytics/man/ISAnalytics.pdf
3.15/bioc/manuals/ISoLDE/man/ISoLDE.pdf
3.15/bioc/manuals/ITALICS/man/ITALICS.pdf
3.15/bioc/manuals/IVAS/man/IVAS.pdf
3.15/bioc/manuals/IWTomics/man/IWTomics.pdf
3.15/bioc/manuals/Icens/man/Icens.pdf
3.15/bioc/manuals/IdeoViz/man/IdeoViz.pdf
3.15/bioc/manuals/IgGeneUsage/man/IgGeneUsage.pdf
3.15/bioc/manuals/ImmuneSpaceR/man/ImmuneSpaceR.pdf
3.15/bioc/manuals/InPAS/man/InPAS.pdf
3.15/bioc/manuals/InTAD/man/InTAD.pdf
3.15/bioc/manuals/Informeasure/man/Informeasure.pdf
3.15/bioc/manuals/IntEREst/man/IntEREst.pdf
3.15/bioc/manuals/InterCellar/man/InterCellar.pdf
3.15/bioc/manuals/InterMineR/man/InterMineR.pdf
3.15/bioc/manuals/InteractionSet/man/InteractionSet.pdf
3.15/bioc/manuals/InteractiveComplexHeatmap/man/InteractiveComplexHeatmap.pdf
3.15/bioc/manuals/IntramiRExploreR/man/IntramiRExploreR.pdf
3.15/bioc/manuals/IsoCorrectoR/man/IsoCorrectoR.pdf
3.15/bioc/manuals/IsoCorrectoRGUI/man/IsoCorrectoRGUI.pdf
3.15/bioc/manuals/IsoGeneGUI/man/IsoGeneGUI.pdf
3.15/bioc/manuals/IsoformSwitchAnalyzeR/man/IsoformSwitchAnalyzeR.pdf
3.15/bioc/manuals/KBoost/man/KBoost.pdf
3.15/bioc/manuals/KCsmart/man/KCsmart.pdf
3.15/bioc/manuals/KEGGREST/man/KEGGREST.pdf
3.15/bioc/manuals/KEGGgraph/man/KEGGgraph.pdf
3.15/bioc/manuals/KEGGlincs/man/KEGGlincs.pdf
