3.15/bioc/manuals/iBBiG/man/iBBiG.pdf
3.15/bioc/manuals/iBMQ/man/iBMQ.pdf
3.15/bioc/manuals/iCARE/man/iCARE.pdf
3.15/bioc/manuals/iCNV/man/iCNV.pdf
3.15/bioc/manuals/iCOBRA/man/iCOBRA.pdf
3.15/bioc/manuals/iCheck/man/iCheck.pdf
3.15/bioc/manuals/iChip/man/iChip.pdf
3.15/bioc/manuals/iClusterPlus/man/iClusterPlus.pdf
3.15/bioc/manuals/iGC/man/iGC.pdf
3.15/bioc/manuals/iPAC/man/iPAC.pdf
3.15/bioc/manuals/iPath/man/iPath.pdf
3.15/bioc/manuals/iSEE/man/iSEE.pdf
3.15/bioc/manuals/iSEEu/man/iSEEu.pdf
3.15/bioc/manuals/iSeq/man/iSeq.pdf
3.15/bioc/manuals/iasva/man/iasva.pdf
3.15/bioc/manuals/ibh/man/ibh.pdf
3.15/bioc/manuals/icetea/man/icetea.pdf
3.15/bioc/manuals/ideal/man/ideal.pdf
3.15/bioc/manuals/idiogram/man/idiogram.pdf
3.15/bioc/manuals/idpr/man/idpr.pdf
3.15/bioc/manuals/idr2d/man/idr2d.pdf
3.15/bioc/manuals/igvR/man/igvR.pdf
3.15/bioc/manuals/illuminaio/man/illuminaio.pdf
3.15/bioc/manuals/imageHTS/man/imageHTS.pdf
3.15/bioc/manuals/imcRtools/man/imcRtools.pdf
3.15/bioc/manuals/immunoClust/man/immunoClust.pdf
3.15/bioc/manuals/immunotation/man/immunotation.pdf
3.15/bioc/manuals/impute/man/impute.pdf
3.15/bioc/manuals/infercnv/man/infercnv.pdf
3.15/bioc/manuals/infinityFlow/man/infinityFlow.pdf
3.15/bioc/manuals/intansv/man/intansv.pdf
3.15/bioc/manuals/interacCircos/man/interacCircos.pdf
3.15/bioc/manuals/interactiveDisplay/man/interactiveDisplay.pdf
3.15/bioc/manuals/interactiveDisplayBase/man/interactiveDisplayBase.pdf
3.15/bioc/manuals/inveRsion/man/inveRsion.pdf
3.15/bioc/manuals/ipdDb/man/ipdDb.pdf
3.15/bioc/manuals/isobar/man/isobar.pdf
3.15/bioc/manuals/isomiRs/man/isomiRs.pdf
3.15/bioc/manuals/iterClust/man/iterClust.pdf
3.15/bioc/manuals/iterativeBMA/man/iterativeBMA.pdf
3.15/bioc/manuals/iterativeBMAsurv/man/iterativeBMAsurv.pdf
3.15/bioc/manuals/iteremoval/man/iteremoval.pdf
3.15/bioc/manuals/ivygapSE/man/ivygapSE.pdf
3.15/bioc/manuals/karyoploteR/man/karyoploteR.pdf
3.15/bioc/manuals/kebabs/man/kebabs.pdf
3.15/bioc/manuals/keggorthology/man/keggorthology.pdf
3.15/bioc/manuals/kissDE/man/kissDE.pdf
3.15/bioc/manuals/lapmix/man/lapmix.pdf
3.15/bioc/manuals/ldblock/man/ldblock.pdf
3.15/bioc/manuals/lefser/man/lefser.pdf
