3.15/bioc/manuals/netOmics/man/netOmics.pdf
3.15/bioc/manuals/netSmooth/man/netSmooth.pdf
3.15/bioc/manuals/netZooR/man/netZooR.pdf
3.15/bioc/manuals/netbiov/man/netbiov.pdf
3.15/bioc/manuals/netboost/man/netboost.pdf
3.15/bioc/manuals/netboxr/man/netboxr.pdf
3.15/bioc/manuals/nethet/man/nethet.pdf
3.15/bioc/manuals/netprioR/man/netprioR.pdf
3.15/bioc/manuals/netresponse/man/netresponse.pdf
3.15/bioc/manuals/networkBMA/man/networkBMA.pdf
3.15/bioc/manuals/ngsReports/man/ngsReports.pdf
3.15/bioc/manuals/nnNorm/man/nnNorm.pdf
3.15/bioc/manuals/nondetects/man/nondetects.pdf
3.15/bioc/manuals/normalize450K/man/normalize450K.pdf
3.15/bioc/manuals/normr/man/normr.pdf
3.15/bioc/manuals/npGSEA/man/npGSEA.pdf
3.15/bioc/manuals/nuCpos/man/nuCpos.pdf
3.15/bioc/manuals/nucleR/man/nucleR.pdf
3.15/bioc/manuals/nucleoSim/man/nucleoSim.pdf
3.15/bioc/manuals/nullranges/man/nullranges.pdf
3.15/bioc/manuals/occugene/man/occugene.pdf
3.15/bioc/manuals/odseq/man/odseq.pdf
3.15/bioc/manuals/oligo/man/oligo.pdf
3.15/bioc/manuals/oligoClasses/man/oligoClasses.pdf
3.15/bioc/manuals/omicRexposome/man/omicRexposome.pdf
3.15/bioc/manuals/omicade4/man/omicade4.pdf
3.15/bioc/manuals/omicplotR/man/omicplotR.pdf
3.15/bioc/manuals/omicsPrint/man/omicsPrint.pdf
3.15/bioc/manuals/oncomix/man/oncomix.pdf
3.15/bioc/manuals/oneSENSE/man/oneSENSE.pdf
3.15/bioc/manuals/onlineFDR/man/onlineFDR.pdf
3.15/bioc/manuals/ontoProc/man/ontoProc.pdf
3.15/bioc/manuals/openCyto/man/openCyto.pdf
3.15/bioc/manuals/openPrimeR/man/openPrimeR.pdf
3.15/bioc/manuals/openPrimeRui/man/openPrimeRui.pdf
3.15/bioc/manuals/oposSOM/man/oposSOM.pdf
3.15/bioc/manuals/oppar/man/oppar.pdf
3.15/bioc/manuals/oppti/man/oppti.pdf
3.15/bioc/manuals/optimalFlow/man/optimalFlow.pdf
3.15/bioc/manuals/orthogene/man/orthogene.pdf
3.15/bioc/manuals/pRoloc/man/pRoloc.pdf
3.15/bioc/manuals/pRolocGUI/man/pRolocGUI.pdf
3.15/bioc/manuals/packFinder/man/packFinder.pdf
3.15/bioc/manuals/padma/man/padma.pdf
3.15/bioc/manuals/pageRank/man/pageRank.pdf
3.15/bioc/manuals/paircompviz/man/paircompviz.pdf
3.15/bioc/manuals/pairkat/man/pairkat.pdf
3.15/bioc/manuals/pandaR/man/pandaR.pdf
3.15/bioc/manuals/panelcn.mops/man/panelcn.mops.pdf
3.15/bioc/manuals/panp/man/panp.pdf
