3.15/bioc/manuals/primirTSS/man/primirTSS.pdf
3.15/bioc/manuals/proActiv/man/proActiv.pdf
3.15/bioc/manuals/proBAMr/man/proBAMr.pdf
3.15/bioc/manuals/proBatch/man/proBatch.pdf
3.15/bioc/manuals/proDA/man/proDA.pdf
3.15/bioc/manuals/proFIA/man/proFIA.pdf
3.15/bioc/manuals/procoil/man/procoil.pdf
3.15/bioc/manuals/profileScoreDist/man/profileScoreDist.pdf
3.15/bioc/manuals/profileplyr/man/profileplyr.pdf
3.15/bioc/manuals/progeny/man/progeny.pdf
3.15/bioc/manuals/projectR/man/projectR.pdf
3.15/bioc/manuals/proteinProfiles/man/proteinProfiles.pdf
3.15/bioc/manuals/psichomics/man/psichomics.pdf
3.15/bioc/manuals/psygenet2r/man/psygenet2r.pdf
3.15/bioc/manuals/ptairMS/man/ptairMS.pdf
3.15/bioc/manuals/pulsedSilac/man/pulsedSilac.pdf
3.15/bioc/manuals/puma/man/puma.pdf
3.15/bioc/manuals/pvac/man/pvac.pdf
3.15/bioc/manuals/pvca/man/pvca.pdf
3.15/bioc/manuals/pwOmics/man/pwOmics.pdf
3.15/bioc/manuals/pwrEWAS/man/pwrEWAS.pdf
3.15/bioc/manuals/qPLEXanalyzer/man/qPLEXanalyzer.pdf
3.15/bioc/manuals/qckitfastq/man/qckitfastq.pdf
3.15/bioc/manuals/qcmetrics/man/qcmetrics.pdf
3.15/bioc/manuals/qpcrNorm/man/qpcrNorm.pdf
3.15/bioc/manuals/qpgraph/man/qpgraph.pdf
3.15/bioc/manuals/qrqc/man/qrqc.pdf
3.15/bioc/manuals/qsea/man/qsea.pdf
3.15/bioc/manuals/qsmooth/man/qsmooth.pdf
3.15/bioc/manuals/quantiseqr/man/quantiseqr.pdf
3.15/bioc/manuals/quantro/man/quantro.pdf
3.15/bioc/manuals/quantsmooth/man/quantsmooth.pdf
3.15/bioc/manuals/qusage/man/qusage.pdf
3.15/bioc/manuals/qvalue/man/qvalue.pdf
3.15/bioc/manuals/r3Cseq/man/r3Cseq.pdf
3.15/bioc/manuals/rBiopaxParser/man/rBiopaxParser.pdf
3.15/bioc/manuals/rCGH/man/rCGH.pdf
3.15/bioc/manuals/rDGIdb/man/rDGIdb.pdf
3.15/bioc/manuals/rGADEM/man/rGADEM.pdf
3.15/bioc/manuals/rGREAT/man/rGREAT.pdf
3.15/bioc/manuals/rGenomeTracks/man/rGenomeTracks.pdf
3.15/bioc/manuals/rRDP/man/rRDP.pdf
3.15/bioc/manuals/rSWeeP/man/rSWeeP.pdf
3.15/bioc/manuals/rScudo/man/rScudo.pdf
3.15/bioc/manuals/rTRM/man/rTRM.pdf
3.15/bioc/manuals/rTRMui/man/rTRMui.pdf
3.15/bioc/manuals/rWikiPathways/man/rWikiPathways.pdf
3.15/bioc/manuals/rain/man/rain.pdf
3.15/bioc/manuals/rama/man/rama.pdf
3.15/bioc/manuals/ramr/man/ramr.pdf
