3.15/bioc/manuals/parglms/man/parglms.pdf
3.15/bioc/manuals/parody/man/parody.pdf
3.15/bioc/manuals/pathRender/man/pathRender.pdf
3.15/bioc/manuals/pathVar/man/pathVar.pdf
3.15/bioc/manuals/pathifier/man/pathifier.pdf
3.15/bioc/manuals/pathview/man/pathview.pdf
3.15/bioc/manuals/pathwayPCA/man/pathwayPCA.pdf
3.15/bioc/manuals/paxtoolsr/man/paxtoolsr.pdf
3.15/bioc/manuals/pcaExplorer/man/pcaExplorer.pdf
3.15/bioc/manuals/pcaMethods/man/pcaMethods.pdf
3.15/bioc/manuals/pcxn/man/pcxn.pdf
3.15/bioc/manuals/pdInfoBuilder/man/pdInfoBuilder.pdf
3.15/bioc/manuals/peakPantheR/man/peakPantheR.pdf
3.15/bioc/manuals/peco/man/peco.pdf
3.15/bioc/manuals/pengls/man/pengls.pdf
3.15/bioc/manuals/pepStat/man/pepStat.pdf
3.15/bioc/manuals/pepXMLTab/man/pepXMLTab.pdf
3.15/bioc/manuals/periodicDNA/man/periodicDNA.pdf
3.15/bioc/manuals/pgca/man/pgca.pdf
3.15/bioc/manuals/phantasus/man/phantasus.pdf
3.15/bioc/manuals/phenoTest/man/phenoTest.pdf
3.15/bioc/manuals/phenopath/man/phenopath.pdf
3.15/bioc/manuals/philr/man/philr.pdf
3.15/bioc/manuals/phosphonormalizer/man/phosphonormalizer.pdf
3.15/bioc/manuals/phyloseq/man/phyloseq.pdf
3.15/bioc/manuals/piano/man/piano.pdf
3.15/bioc/manuals/pickgene/man/pickgene.pdf
3.15/bioc/manuals/pipeComp/man/pipeComp.pdf
3.15/bioc/manuals/pipeFrame/man/pipeFrame.pdf
3.15/bioc/manuals/pkgDepTools/man/pkgDepTools.pdf
3.15/bioc/manuals/planet/man/planet.pdf
3.15/bioc/manuals/plethy/man/plethy.pdf
3.15/bioc/manuals/plgem/man/plgem.pdf
3.15/bioc/manuals/plier/man/plier.pdf
3.15/bioc/manuals/plotGrouper/man/plotGrouper.pdf
3.15/bioc/manuals/plotgardener/man/plotgardener.pdf
3.15/bioc/manuals/plyranges/man/plyranges.pdf
3.15/bioc/manuals/pmm/man/pmm.pdf
3.15/bioc/manuals/pmp/man/pmp.pdf
3.15/bioc/manuals/podkat/man/podkat.pdf
3.15/bioc/manuals/pogos/man/pogos.pdf
3.15/bioc/manuals/polyester/man/polyester.pdf
3.15/bioc/manuals/powerTCR/man/powerTCR.pdf
3.15/bioc/manuals/ppcseq/man/ppcseq.pdf
3.15/bioc/manuals/ppiStats/man/ppiStats.pdf
3.15/bioc/manuals/pqsfinder/man/pqsfinder.pdf
3.15/bioc/manuals/pram/man/pram.pdf
3.15/bioc/manuals/prebs/man/prebs.pdf
3.15/bioc/manuals/preciseTAD/man/preciseTAD.pdf
3.15/bioc/manuals/preprocessCore/man/preprocessCore.pdf
