3.15/bioc/manuals/VERSO/man/VERSO.pdf
3.15/bioc/manuals/VaSP/man/VaSP.pdf
3.15/bioc/manuals/VanillaICE/man/VanillaICE.pdf
3.15/bioc/manuals/VarCon/man/VarCon.pdf
3.15/bioc/manuals/VariantAnnotation/man/VariantAnnotation.pdf
3.15/bioc/manuals/VariantExperiment/man/VariantExperiment.pdf
3.15/bioc/manuals/VariantFiltering/man/VariantFiltering.pdf
3.15/bioc/manuals/VariantTools/man/VariantTools.pdf
3.15/bioc/manuals/VegaMC/man/VegaMC.pdf
3.15/bioc/manuals/VennDetail/man/VennDetail.pdf
3.15/bioc/manuals/ViSEAGO/man/ViSEAGO.pdf
3.15/bioc/manuals/VplotR/man/VplotR.pdf
3.15/bioc/manuals/Wrench/man/Wrench.pdf
3.15/bioc/manuals/XDE/man/XDE.pdf
3.15/bioc/manuals/XINA/man/XINA.pdf
3.15/bioc/manuals/XNAString/man/XNAString.pdf
3.15/bioc/manuals/XVector/man/XVector.pdf
3.15/bioc/manuals/Xeva/man/Xeva.pdf
3.15/bioc/manuals/YAPSA/man/YAPSA.pdf
3.15/bioc/manuals/a4/man/a4.pdf
3.15/bioc/manuals/a4Base/man/a4Base.pdf
3.15/bioc/manuals/a4Classif/man/a4Classif.pdf
3.15/bioc/manuals/a4Core/man/a4Core.pdf
3.15/bioc/manuals/a4Preproc/man/a4Preproc.pdf
3.15/bioc/manuals/a4Reporting/man/a4Reporting.pdf
3.15/bioc/manuals/aCGH/man/aCGH.pdf
3.15/bioc/manuals/abseqR/man/abseqR.pdf
3.15/bioc/manuals/acde/man/acde.pdf
3.15/bioc/manuals/adSplit/man/adSplit.pdf
3.15/bioc/manuals/adductomicsR/man/adductomicsR.pdf
3.15/bioc/manuals/affxparser/man/affxparser.pdf
3.15/bioc/manuals/affy/man/affy.pdf
3.15/bioc/manuals/affyContam/man/affyContam.pdf
3.15/bioc/manuals/affyILM/man/affyILM.pdf
3.15/bioc/manuals/affyPLM/man/affyPLM.pdf
3.15/bioc/manuals/affycomp/man/affycomp.pdf
3.15/bioc/manuals/affycoretools/man/affycoretools.pdf
3.15/bioc/manuals/affyio/man/affyio.pdf
3.15/bioc/manuals/affylmGUI/man/affylmGUI.pdf
3.15/bioc/manuals/aggregateBioVar/man/aggregateBioVar.pdf
3.15/bioc/manuals/agilp/man/agilp.pdf
3.15/bioc/manuals/airpart/man/airpart.pdf
3.15/bioc/manuals/alevinQC/man/alevinQC.pdf
3.15/bioc/manuals/alpine/man/alpine.pdf
3.15/bioc/manuals/altcdfenvs/man/altcdfenvs.pdf
3.15/bioc/manuals/amplican/man/amplican.pdf
3.15/bioc/manuals/animalcules/man/animalcules.pdf
3.15/bioc/manuals/annaffy/man/annaffy.pdf
3.15/bioc/manuals/annmap/man/annmap.pdf
3.15/bioc/manuals/annotate/man/annotate.pdf
